{"cameraMode":{"drawMode":0,"name":"Shaded","section":"Shading Mode"},"sceneLighting":true,"audioPlay":false,"sceneViewState":{"showFog":true,"showMaterialUpdate":false,"showSkybox":true,"showFlares":true,"showImageEffects":true,"showParticleSystems":true},"in2DMode":false,"pivot":{"x":41.657569885253909,"y":15.655191421508789,"z":16.68667984008789},"rotation":{"x":-0.031504351645708087,"y":0.8821949362754822,"z":-0.05963908135890961,"w":-0.46602872014045718},"size":10.0,"orthographic":false}