{"cameraMode":{"drawMode":0,"name":"Shaded","section":"Shading Mode"},"sceneLighting":true,"audioPlay":false,"sceneViewState":{"showFog":true,"showMaterialUpdate":false,"showSkybox":true,"showFlares":true,"showImageEffects":true,"showParticleSystems":true},"in2DMode":false,"pivot":{"x":-0.4996640682220459,"y":1.939789056777954,"z":-1.9981796741485596},"rotation":{"x":-0.202805295586586,"y":0.02848764695227146,"z":-0.005902744363993406,"w":-0.9787874221801758},"size":5.107395172119141,"orthographic":false}