{"cameraMode":{"drawMode":0,"name":"Shaded","section":"Shading Mode"},"sceneLighting":true,"audioPlay":false,"sceneViewState":{"showFog":true,"showMaterialUpdate":false,"showSkybox":true,"showFlares":true,"showImageEffects":true,"showParticleSystems":true},"in2DMode":false,"pivot":{"x":12.0794677734375,"y":3.3824524879455568,"z":8.105640411376954},"rotation":{"x":-0.18092185258865357,"y":0.24267001450061799,"z":-0.04611918330192566,"w":-0.951972484588623},"size":10.0,"orthographic":false}