{"cameraMode":{"drawMode":0,"name":"Shaded","section":"Shading Mode"},"sceneLighting":true,"audioPlay":false,"sceneViewState":{"showFog":true,"showMaterialUpdate":false,"showSkybox":true,"showFlares":true,"showImageEffects":true,"showParticleSystems":true},"in2DMode":false,"pivot":{"x":0.0,"y":0.9506161212921143,"z":-0.09298878908157349},"rotation":{"x":-0.1722068190574646,"y":0.49794045090675356,"z":-0.10161653906106949,"w":-0.8438457250595093},"size":2.9001407623291017,"orthographic":false}