{"cameraMode":{"drawMode":0,"name":"Shaded","section":"Shading Mode"},"sceneLighting":false,"audioPlay":false,"sceneViewState":{"showFog":true,"showMaterialUpdate":false,"showSkybox":false,"showFlares":true,"showImageEffects":true,"showParticleSystems":true},"in2DMode":false,"pivot":{"x":3.530649185180664,"y":5.882771015167236,"z":16.12635040283203},"rotation":{"x":-0.3352915942668915,"y":0.33707883954048159,"z":-0.12989196181297303,"w":-0.87010657787323},"size":31.338834762573243,"orthographic":false}